file,number,has_suffix,creates_table,creates_function,creates_policy,creates_trigger,storage,cron
0001_init.sql,0001,no,y,y,y,y,y,
0002_analytics.sql,0002,no,y,y,y,,,
0003_charts.sql,0003,no,,y,,,,
0004_search.sql,0004,no,y,y,y,,,
0005_library.sql,0005,no,y,y,y,,,
0006_share.sql,0006,no,y,,y,,,
0007_business_scheduler.sql,0007,no,y,y,y,y,,
0008_recommendation_metadata.sql,0008,no,,y,,,,
0009_filter_unplayable_tracks.sql,0009,no,,y,,,,
0010_storage_buckets_public.sql,0010,no,,,,,y,
0011_personal_library.sql,0011,no,y,,y,,,
0012_playlist_follow.sql,0012,no,y,y,y,,,
0013_curator_profiles.sql,0013,no,y,y,y,y,,
0014_signup_profiles.sql,0014,no,y,y,y,y,,
0015_payapp_subscriptions.sql,0015,no,y,y,y,y,,
0016_payapp_uniqueness_hardening.sql,0016,no,,,,,,
0017_artist_signup.sql,0017,no,y,y,y,y,,
0018_artist_track_review.sql,0018,no,,y,y,,,
0019_artist_streaming_analytics.sql,0019,no,,y,,,,
0020_artist_streaming_kst.sql,0020,no,,y,,,,
0021_signup_metadata_trigger.sql,0021,no,,y,,y,,
0022_signup_trigger_debug.sql,0022,no,y,y,y,y,,
0023_backfill_artist_signups.sql,0023,no,,y,,,,
0024_submit_artist_signup_rpc.sql,0024,no,,y,,,,
0025_artist_upload_eligibility.sql,0025,no,y,y,y,y,,
0026_admin_payment_sync.sql,0026,no,y,y,y,,,
0027_admin_link_unmatched.sql,0027,no,,y,,,,
0028_payapp_diagnostics.sql,0028,no,y,y,y,,,
0029_webhook_apply_internal.sql,0029,no,,y,,,,
0030_webhook_phone_match_fix.sql,0030,no,,y,,,,
0031_admin_check_bypass.sql,0031,no,,y,,,,
0032_admin_member_list_ambiguous_fix.sql,0032,no,,y,,,,
0033_admin_member_list_full_rewrite.sql,0033,no,,y,,,,
0034_admin_member_list_force_clean.sql,0034,no,,y,,,,
0035_force_activate_membership.sql,0035,no,,y,,,,
0036_payapp_state_machine.sql,0036,no,,y,,,,
0037_paid_candidate_and_revenue_fix.sql,0037,no,,y,,y,,
0038_payment_candidate_and_dashboard_admin_hotfix.sql,0038,no,,y,,y,,
0039_daily_series_payment_orders.sql,0039,no,,y,,,,
0040_payment_policy_simplification.sql,0040,no,,y,,,,
0041_admin_operation_logs.sql,0041,no,y,y,y,,,
0042_subscription_cancel_handling.sql,0042,no,,y,,,,
0043_subscription_requests_list_rpc.sql,0043,no,,y,,,,
0044_router_and_imports_signature_fix.sql,0044,no,,y,,,,
0045_membership_tier_as_truth.sql,0045,no,,y,,,,
0046_get_my_payment_status_rpc.sql,0046,no,,y,,,,
0047_paid_event_order_matching.sql,0047,no,,y,,,,
0048_force_paid_and_pending_match.sql,0048,no,,y,,,,
0049_paid_state_cancel_misroute_fix.sql,0049,no,,,,,,
0050_state4_rebill_as_paid.sql,0050,no,,y,,,,
0051_comprehensive_paid_backfill.sql,0051,no,,,,,,
0052_state4_order_match_as_paid.sql,0052,no,,y,,,,
0053_state4_trigger_autopromote.sql,0053,no,,y,,y,,
0054_sales_agents.sql,0054,no,y,y,y,y,,
0055_sales_agent_monthly_metrics.sql,0055,no,,y,,,,
0056_user_self_cancel_and_withdrawal.sql,0056,no,,y,,,,
0057_artist_contracts.sql,0057,no,y,y,y,y,,
0058_artist_tracks_metadata.sql,0058,no,,y,y,y,,
0059_settlement_policies_revenues.sql,0059,no,y,y,y,y,,
0060_artist_settlements.sql,0060,no,y,y,y,y,,
0061_payout_reveal_audit.sql,0061,no,y,y,y,y,,
0062_eligibility_rls_sync.sql,0062,no,,y,,,,
0063_release_lifecycle.sql,0063,no,,y,y,y,,
0064_safety_locks_resubmit.sql,0064,no,,y,,,,
0065_p0_stabilization.sql,0065,no,,y,,,,
0066_drop_submit_release_old_overload.sql,0066,no,,y,,,,
0067_eligibility_ambiguous_fix.sql,0067,no,,y,,,,
0068_contract_email_dispatch.sql,0068,no,y,y,y,,,
0068_contract_template_v1_seed.sql,0068,no,,,,,,
0069_contract_email_event_log.sql,0069,no,y,y,y,y,,
0070_artist_approval_sync_trigger.sql,0070,no,,y,,y,,
0071_contract_template_v1_replace.sql,0071,no,,,,,,
0072_sign_artist_contract_digest_schema.sql,0072,no,,y,,,,
0073_sign_contract_enqueue_fix.sql,0073,no,,y,,,,
0074_dsp_moderation_pipeline.sql,0074,no,y,y,y,y,,
0075_submit_release_visibility_fix.sql,0075,no,,y,,y,,
0076_auto_release_pipeline.sql,0076,no,y,y,y,,,
0077_public_track_audio_guard.sql,0077,no,,,y,,,
0078_stream_event_hardening.sql,0078,no,,y,,,,
0079_settlement_eligible_filter.sql,0079,no,,,,,,
0080_security_hardening.sql,0080,no,,,,,,
0081_settlement_detail_eligible_columns.sql,0081,no,,y,,,,
0082_audio_health_columns.sql,0082,no,,y,,,,
0083_admin_notifications.sql,0083,no,y,y,y,,,
0084_admin_rpc_revoke_anon.sql,0084,no,,,,,,
0085_fix_process_due_scheduled_releases.sql,0085,no,,y,,,,
0086_stream_daily_user_track_cap.sql,0086,no,,y,,,,
0087_admin_streaming_exclusion_breakdown.sql,0087,no,,y,,,,
0088_stream_cap_admin_setting.sql,0088,no,,y,y,,,
0089_stream_player_volume_guard.sql,0089,no,,y,,,,
0090_integrity_hardening.sql,0090,no,,,,,,
0091_recommend_audio_health_filter.sql,0091,no,,,,,,
0092_legacy_rpc_dedup_and_revoke.sql,0092,no,,,,,,
0093_admin_notification_channels.sql,0093,no,,,,,,
0094_rebrand_subscription_plans.sql,0094,no,,,,,,
0095_admin_user_state_rpcs.sql,0095,no,,y,,,,
0096_fix_admin_member_detail_columns.sql,0096,no,,y,,,,
0097_fix_get_curator_profile.sql,0097,no,,y,,,,
0098_curator_system.sql,0098,no,,y,y,,,
0099_curator_thumbnail_and_home_limit.sql,0099,no,,y,,,,
0100_user_playlists.sql,0100,no,y,y,y,,,
0101_search_fix_and_new_public_playlists.sql,0101,no,,y,,,,
0102_playlist_qualified_views.sql,0102,no,y,y,y,,,
0103_smart_auto_playlists.sql,0103,no,,y,,,,
0104_promotion_codes.sql,0104,no,y,y,y,,,
0105_member_promotion_surface.sql,0105,no,,y,,,,
0106_promotion_max_redemptions.sql,0106,no,,y,,,,
0107_bulk_upload_stabilization.sql,0107,no,,y,,,y,
0108_seed_auto_playlists_and_scalar_match.sql,0108,no,,y,,,,
0109_bulk_moderation_and_batch_email.sql,0109,no,,y,,,,
0110_playlist_representative_cover.sql,0110,no,,y,,,,
0111_admin_bulk_delete_tracks.sql,0111,no,y,y,y,,,
0112_admin_set_track_cover.sql,0112,no,,y,,,,
0113_auto_playlist_generation_placement.sql,0113,no,y,y,y,,,
0114_auto_placement_engine.sql,0114,no,,y,,y,,
0115_auto_placement_admin_rpcs.sql,0115,no,,y,,,,
0116_business_preview_limit.sql,0116,no,y,y,y,,,
0117_standardized_track_metadata.sql,0117,no,,y,,,,
0118_artist_approval_sync_fix.sql,0118,no,,y,,,,
0119_admin_monthly_streaming_summary.sql,0119,no,,y,,,,
0120_users_block_privileged_self_update.sql,0120,no,,,,,,
0121_admin_withdraw_user_mask_and_admin_guard.sql,0121,no,,y,,,,
0122_fix_admin_mask_user_pii_notnull.sql,0122,no,,y,,,,
0123_admin_repair_withdrawn_user.sql,0123,no,,y,,,,
0124_users_email_release_columns.sql,0124,no,,,,,,
0125_admin_release_withdrawn_email.sql,0125,no,,y,,,,
0126_withdraw_repair_auto_release_email.sql,0126,no,,y,,,,
0127_fix_submit_artist_signup_profile_ambiguous.sql,0127,no,,y,,,,
0128_artist_invite_codes.sql,0128,no,y,y,y,,,
0129_artist_grant_guard.sql,0129,no,,y,,y,,
0130_code_gated_artist_creation.sql,0130,no,,y,,,,
0131_allow_released_takedown.sql,0131,no,,y,,,,
0132_artist_gate_via_sales_code.sql,0132,no,,y,,,,
0133_exclude_removed_tracks_global.sql,0133,no,,y,,,,
0134_user_music_preferences.sql,0134,no,y,y,y,,,
0135_personalized_recommendation_rpcs.sql,0135,no,,y,,,,
0136_fix_recommendation_score_ambiguity.sql,0136,no,,y,,,,
0137_settlement_pool_ratio_50.sql,0137,no,,y,,,,
0138_global_removed_track_exclusion_and_cover_required.sql,0138,no,,y,y,,,
0139_review_reject_to_removed_and_approve_gate.sql,0139,no,,y,,,,
0140_revoke_payment_internals_from_clients.sql,0140,no,,,,,,
0141_revoke_payment_internals_from_public.sql,0141,no,,,,,,
0142_revoke_email_worker_rpcs_from_clients.sql,0142,no,,,,,,
0143_track_metadata_language_param.sql,0143,no,,y,,,,
0144_admin_replace_track_audio_reencode.sql,0144,no,,y,,,,
0145_immutable_fields_allow_audio_reencode.sql,0145,no,,y,,,,
0146_require_metadata_for_release_states.sql,0146,no,,y,,y,,
0147_fix_require_metadata_array_append.sql,0147,no,,y,,,,
0148_admin_list_reencode_candidates.sql,0148,no,,y,,,,
0149_cleanup_removed_playlist_links.sql,0149,no,,y,,y,,
0150_audio_conversion_failure_tracking.sql,0150,no,,y,,,,
0151_allow_conversion_failed_health_status.sql,0151,no,,,,,,
0152_metadata_violation_skip_tracking.sql,0152,no,y,y,y,,,
0153_track_storage_path_and_original_filename.sql,0153,no,,y,,,,
0154_upload_stabilization_gate_and_audit.sql,0154,no,,y,,,y,
0155_review_audio_meta_and_backfill.sql,0155,no,,y,,,,
0156_ai_curation_schema.sql,0156,no,y,,y,,,
0157_ai_curation_scoring.sql,0157,no,,y,,,,
0158_ai_fit_scores_and_rpcs.sql,0158,no,,y,,,,
0159_admin_list_ai_curation.sql,0159,no,,y,,,,
0160_ai_config_suggestions_violations.sql,0160,no,y,y,y,,,
0161_review_list_ai_fields.sql,0161,no,,y,,,,
0162_behavior_score_and_dashboard.sql,0162,no,,y,,,,
0163_ai_store_profiles.sql,0163,no,y,,y,,,
0164_profile_driven_scoring.sql,0164,no,,y,,,,
0165_store_key_admin_and_filters.sql,0165,no,,y,,,,
0166_audio_features_raw_and_version.sql,0166,no,,y,,,,
0167_audio_quality_gate.sql,0167,no,y,y,y,,,
0167b_review_list_quality_fields.sql,0167,yes,,y,,,,
0168_chart_tiebreaks_and_likecount.sql,0168,no,,y,,,,
0169_audio_embeddings_poc.sql,0169,no,y,y,y,,,
0170_embedding_export_import.sql,0170,no,,y,,,,
0171_embedding_review.sql,0171,no,y,y,y,,,
0171b_embedding_review_rpcs.sql,0171,yes,,y,,,,
0172_embedding_tuning_config.sql,0172,no,y,y,y,,,
0173_store_guardrails.sql,0173,no,y,,y,,,
0173b_guardrail_engine_and_fit.sql,0173,yes,,y,,,,
0174_guardrail_dashboard_trust.sql,0174,no,y,y,y,,,
0175_trust_policy_wiring.sql,0175,no,,y,,,,
0175b_review_list_owner_trust.sql,0175,yes,,y,,,,
0176_high_risk_review_and_uploader_mgmt.sql,0176,no,y,y,y,,,
0177_full_rereview_batch.sql,0177,no,y,y,y,,,
0177b_refine_rereview_flags.sql,0177,yes,,y,,,,
0178_rereview_queue_actions.sql,0178,no,,y,,,,
0179_apply_ai_meta_and_recompute.sql,0179,no,,y,,,,
0180_playlist_flow_engine.sql,0180,no,y,y,y,,,
0181_playlist_auto_reorder.sql,0181,no,y,y,y,,,
0182_business_early_skip_exclusion.sql,0182,no,y,y,y,,,
0183_store_archetype_builder.sql,0183,no,,y,,,,
0184_metadata_caps_tempo_admin_edit.sql,0184,no,,y,,,,
0185_salesperson_self_dashboard.sql,0185,no,y,y,y,,,
0186_salesperson_profile_autolink.sql,0186,no,,y,,,,
0187_salesperson_trends_risk.sql,0187,no,,y,,,,
0188_update_metadata_and_approve.sql,0188,no,,y,,,,
0189_restaurant_subtypes.sql,0189,no,,y,,,,
0190_finalize_preserve_cleanup_flags.sql,0190,no,,y,,,,
0191_metadata_audit_log.sql,0191,no,y,y,y,y,,
0192_rbac_admin_roles.sql,0192,no,y,y,y,,,
0192b_rbac_admin_management.sql,0192,yes,,y,,,,
0193_rbac_enforcement_1.sql,0193,no,,y,,,,
0194_upload_integrity_audit.sql,0194,no,y,y,y,,,
0194b_integrity_admin_rpcs.sql,0194,yes,,y,,,,
0195_sales_agent_free_trial.sql,0195,no,y,y,y,,,
0195b_free_trial_hardening.sql,0195,yes,,y,,,,
0196_upload_integrity_hardening.sql,0196,no,,y,,,,
0197_rbac_financial_guard_hardening.sql,0197,no,,y,,,,
0204_sales_partner_applications.sql,0204,no,y,y,y,,,
0205_chart_genre_use_main_genre.sql,0205,no,,y,,,,
0206_search_library_genre_use_main_genre.sql,0206,no,,y,,,,
0207_search_normalized_genre_matching.sql,0207,no,,y,,,,
0208_drop_legacy_genre_refs_in_functions.sql,0208,no,,y,,,,
0209_playlist_quick_add.sql,0209,no,,y,,,,
0210_relax_audio_quality_gate.sql,0210,no,,y,,,,
0211_rereview_use_new_quality_policy.sql,0211,no,,y,,,,
0212_admin_tracks_paginate.sql,0212,no,,y,,,,
0213_brand_settings.sql,0213,no,y,y,y,,y,
0214_schedule_days_array.sql,0214,no,,y,,,,
0214_trial_reminder_emails.sql,0214,no,,y,,,,
0215_normalize_playlist_time_slot.sql,0215,no,,,,,,
0216_push_subscriptions.sql,0216,no,y,y,y,,,
0217_collab_recommendation.sql,0217,no,,y,,,,
0218_playlist_collab_lock.sql,0218,no,y,y,y,,,
0219_clap_curation_infra.sql,0219,no,y,y,y,y,,
0220_genre_block_taxonomy_seed.sql,0220,no,,,,,,
0221_clap_recommendation_rpc.sql,0221,no,,y,,,,
0222_store_clap_embedding_rpc.sql,0222,no,,y,,,,
0223_phase0_app_internal_secrets.sql,0223,no,y,y,,,,
0224_phase0_audio_qc_reports.sql,0224,no,y,y,y,,,
0225_phase0_qc_pgnet_trigger.sql,0225,no,y,y,y,y,,
0226_phase0_qc_admin_observability.sql,0226,no,,y,,,,
0227_phase0_qc_v2_calibration.sql,0227,no,,y,,,,
0228_phase_x1_dsp_taxonomy.sql,0228,no,y,y,y,,,
0229_phase_x1_extend_track_ai_predictions.sql,0229,no,,,,,,
0230_phase_x1_1_genre_classification.sql,0230,no,,y,,,,
0231_placement_genre_exclusion_hardening.sql,0231,no,,y,,,,
0232_placement_risk_flags_observe_mode.sql,0232,no,y,y,y,,,
0233_placement_risk_beauty_categories_and_dedup_guard.sql,0233,no,,y,,,,
0234_store_fit_gate_v1.sql,0234,no,,y,,,,
0235_phase_x1_2_mood_classification.sql,0235,no,,y,,,,
0236_phase_x1_2_2_add_romantic_mood.sql,0236,no,,,,,,
0237_phase_x1_2_3_mood_taxonomy_expansion.sql,0237,no,,,,,,
0238_phase_x1_3_storetype_classification.sql,0238,no,,y,,,,
0239_phase_x2_1_auto_placement_ai_boost.sql,0239,no,,y,,,,
0240_phase_x1_3_3_store_type_alias.sql,0240,no,y,y,y,,,
0241_phase_x2_2_fit_score_ai_boost.sql,0241,no,,y,,,,
0242_phase_x2_3_chromaprint_fingerprint.sql,0242,no,y,y,y,,,
0243_phase_x2_3_fingerprint_bigint_hotfix.sql,0243,no,,y,,,,
0244_phase_x2_3_fingerprint_failure_tracking.sql,0244,no,,y,,,,
0245_phase_x2_3_audio_corruption_queue.sql,0245,no,,y,,,,
0246_phase_x3_track_placement_editor.sql,0246,no,y,y,y,,,
0247_phase_x3_2_bulk_operations.sql,0247,no,y,y,y,,,
0248_phase_x3_3_qc_queue_automation.sql,0248,no,y,y,y,,,
0249_phase_x3_4_qc_rule_management.sql,0249,no,y,y,y,,,
0250_phase_x4_0_behavior_learning_foundation.sql,0250,no,y,y,y,,,
0251_phase_x4_1_behavior_feedback_engine.sql,0251,no,,y,,,,
0252_phase_x4_2_store_learning_engine.sql,0252,no,y,y,y,,,
0253_phase_x4_3_playback_events_v2.sql,0253,no,y,y,y,,,
0254_phase_x4_3_1_event_coverage_patch.sql,0254,no,,y,,,,
0255_phase_x4_4_behavior_v2_dual_run.sql,0255,no,y,y,y,,,
0256_phase_x4_4_1_drop_legacy_overload.sql,0256,no,,,,,,
0257_fix_ai_compute_fit_reason_codes_concat.sql,0257,no,,y,,,,
0258_store_genre_placement_policy.sql,0258,no,y,y,y,,,
0259_phase_x5_1_genre_guardrail_hotfix.sql,0259,no,,y,,,,
0260_phase_x5_2_store_profile_engine.sql,0260,no,y,y,y,,,
0261_phase_x5_3_audio_feature_backfill.sql,0261,no,y,y,,y,,
0262_admin_playlist_inspector_quick_edit.sql,0262,no,y,y,y,,,
0263_fix_qc_queue_generate_timeout.sql,0263,no,,y,,,,
0264_qc_queue_processing_ux.sql,0264,no,y,y,y,y,,
0265_qc_queue_inline_actions.sql,0265,no,,y,,,,
0266_admin_feedback_learning_loop.sql,0266,no,y,y,y,,,
0267_feedback_summary_ui.sql,0267,no,,y,,,,
0268_phase_x5_4_md_store_genre_policy.sql,0268,no,y,y,y,,,
0269_md_store_alias_expansion.sql,0269,no,,,,,,
0270_md_genre_normalize_rnb_hotfix.sql,0270,no,,y,,,,
0271_md_excluded_protection_hotfix.sql,0271,no,,y,,,,
0272_md_genre_normalize_dnb_hotfix.sql,0272,no,,y,,,,
0273_admin_list_md_policy_violations_register.sql,0273,no,,y,,,,
0274_get_playlist_tracks_exclude_review_needed.sql,0274,no,,y,,,,
0275_anti_abuse_daily_user_track_cap.sql,0275,no,,y,,y,,
0276_anti_abuse_rpc_filter.sql,0276,no,,y,,,,
0277_anti_abuse_candidate_rpc.sql,0277,no,,y,,,,
0278_anti_abuse_rpc_filter_gap_fill.sql,0278,no,,y,,,,
0279_playback_events_v2_rls_tighten.sql,0279,no,,,y,,,
0280_admin_business_live_rpcs.sql,0280,no,,y,,,,
0281_settlement_eligible_for_payout_restore.sql,0281,no,,y,,,,
0282_schedule_auto_fix_archive_empty.sql,0282,no,y,,,,,
0283_business_fallback_and_playable_summary.sql,0283,no,,y,,,,
0284_support_inquiries.sql,0284,no,y,y,y,y,,
0285_kakao_share_method.sql,0285,no,,,,,,
0286_phase_x5_0_genre_guardrail_engine.sql,0286,no,y,y,y,,,
0287_support_contact_events.sql,0287,no,y,y,y,,,
0288_get_my_upload_quota.sql,0288,no,,y,,,,
0289_inquiry_events_and_reply.sql,0289,no,y,y,y,y,,
0290_hospital_strict_instrumental_policy.sql,0290,no,,y,,,,
0291_boutique_strict_instrumental_policy.sql,0291,no,,y,,,,
0292_admin_curator_soft_delete.sql,0292,no,y,y,y,,,
0293_quota_enforcement_consistency_fix.sql,0293,no,,y,,,,
0294_business_live_ambiguous_column_fix.sql,0294,no,,y,,,,
0295_artist_plan_type_phase1.sql,0295,no,,y,,,,
0296_artist_plan_type_phase2.sql,0296,no,,y,,,,
0297_admin_member_list_plan_type.sql,0297,no,,y,,,,
0298_admin_update_artist_plan_type.sql,0298,no,y,y,y,,,
0299_verify_sales_agent_code_plan_type.sql,0299,no,,y,,,,
0300_payout_pii_collection.sql,0300,no,,y,,,,
0301_settlement_pii_readiness.sql,0301,no,,y,,,,
0302_list_pending_payout_pii_fields.sql,0302,no,,y,,,,
0303_settlement_hold_status.sql,0303,no,,y,,,,
0304_payout_intake_submissions.sql,0304,no,y,y,y,,,
0305_payout_intake_approval_flow.sql,0305,no,,y,,,,
0306_artist_plan_payment_split.sql,0306,no,,y,,,,
0307_subscriptions_check_artist_plans_hotfix.sql,0307,no,,,,,,
0308_payapp_webhook_artist_plans.sql,0308,no,,y,,,,
0309_admin_force_activate_artist_plans.sql,0309,no,,y,,,,
0310_list_webhook_events_plan_type.sql,0310,no,,y,,,,
0311_settlement_manual_carryover_schema.sql,0311,no,y,y,y,y,,
0312_settlement_carryover_rpc.sql,0312,no,,y,,,,
0313_settlement_generate_carryover_applied.sql,0313,no,,y,,,,
0314_settlement_carryover_allow_held.sql,0314,no,,y,,,,
0315_settlement_auto_consolidation.sql,0315,no,,y,,,,
0316_settlement_policy_min_payout_10k.sql,0316,no,,,,,,
0317_settlement_data_correction_may_jun.sql,0317,no,,,,,,
0318_settlement_mark_paid_expanded.sql,0318,no,,y,,,,
0319_sales_agent_monthly_filter.sql,0319,no,,y,,,,
0320_admin_audio_distribution_stats.sql,0320,no,,y,,,,
0321_settlement_adjustments_ledger.sql,0321,no,y,y,y,y,,
0322_refund_settlement_impact.sql,0322,no,,y,,,,
0323_settlement_generate_adjustments.sql,0323,no,,y,,,,
0324_audio_qc_artist_guidance.sql,0324,no,,y,,,,
0325_payapp_replay_idempotency.sql,0325,no,,y,,,,
0326_payment_orders_settlement_period_month.sql,0326,no,,y,,y,,
0327_use_settlement_period_month.sql,0327,no,,y,,,,
0328_cold_start_recommendation_boost.sql,0328,no,,y,,,,
0329_stream_dedup_30s_flag_based.sql,0329,no,,y,,,,
0330_exclusion_breakdown_dedup_and_volume.sql,0330,no,,y,,,,
0331_store_archetype_text_import.sql,0331,no,,y,,,,
0332_admin_decision_learning.sql,0332,no,y,y,y,,,
0333_track_pattern_predictions.sql,0333,no,y,y,y,y,,
0334_phase_3c_per_store_predictions.sql,0334,no,,y,,,,
0335_phase_4_weight_diagnostics.sql,0335,no,y,y,y,y,,
0336_phase_4b_weight_approval_queue.sql,0336,no,y,y,y,,,
0337_phase_4c_per_segment_weights_and_cron.sql,0337,no,y,y,y,,,y
0338_phase_4d_auto_recompute_and_effects.sql,0338,no,y,y,y,y,,y
0339_phase_5_business_owner_exclusion.sql,0339,no,,y,y,y,,
0340_phase_6_embedding_auto_pipeline.sql,0340,no,y,y,y,y,,y
0341_phase_7_daily_playlist_refresh.sql,0341,no,y,y,y,,,
0342_fix_ai_compute_fit_constraints.sql,0342,no,,y,,,,
0343_phase_8_learning_loop_closure.sql,0343,no,,y,,,,y
0344_fix_embedding_jobs_service_role.sql,0344,no,,y,,,,
0345_phase_9_store_track_reactions.sql,0345,no,y,y,y,,,
0346_phase_9b_store_learning_dashboard.sql,0346,no,,y,,,,
0347_phase_9c_reaction_soft_fit_adjustment.sql,0347,no,,y,,,,
0348_settlement_versioning.sql,0348,no,,y,,,,
0349_b2b_franchise_music_policy.sql,0349,no,y,y,y,y,,
0350_separate_artists_stores_enterprise.sql,0350,no,,y,,,,
0351_enterprise_accounts.sql,0351,no,y,y,y,y,,
0352_enterprise_regions.sql,0352,no,y,y,y,y,,
0353_store_monitoring.sql,0353,no,y,y,y,,,
0355_repair_store_monitoring.sql,0355,no,y,y,y,,,
0356_store_now_playing.sql,0356,no,,y,,,,
0357_repair_store_now_playing.sql,0357,no,,y,,,,
0358_repair_store_now_playing_rpc.sql,0358,no,,y,,,,
0359_policy_deployment_success.sql,0359,no,y,y,y,y,,
0360_list_deployable_policies.sql,0360,no,,y,,,,
0361_fix_admin_list_franchises_ambiguity.sql,0361,no,,y,,,,
0362_fix_admin_link_franchise_store_user_check.sql,0362,no,,y,,,,
0363_enterprise_invite_onboarding.sql,0363,no,y,y,y,y,,
0364_enterprise_hq_profile_dashboard.sql,0364,no,y,y,y,y,,
0367a_settlement_table.sql,0367,yes,y,,y,y,,
0367b_settlement_rpcs.sql,0367,yes,,y,,,,
0367c_settlement_storage.sql,0367,yes,,,y,,y,
0368_enterprise_dashboard_v2.sql,0368,no,,y,,,,
0369_enterprise_payment_settings_admin_only.sql,0369,no,,y,,,,
0370_enterprise_commission_preview.sql,0370,no,,y,,,,
0371_enterprise_monthly_store_price_admin_only.sql,0371,no,,y,,,,
0372_enterprise_monthly_settlement.sql,0372,no,y,y,y,y,,
0373_enterprise_primary_franchise_trigger.sql,0373,no,,y,,y,,
0374_enterprise_business_profiles_authenticated_write_grants.sql,0374,no,,,,,,
0375_enterprise_regions_v2_policy_online_count.sql,0375,no,,y,,,,
0376_admin_now_playing_kpi_v2.sql,0376,no,,y,,,,
0377_policy_deployment_center_v2.sql,0377,no,,y,,,,
0378_policy_automation_engine_v1.sql,0378,no,y,y,y,y,,
0379_deployable_playlist_from_source.sql,0379,no,,y,,,,
0380_fix_rpc_cte_scope.sql,0380,no,,y,,,,
0381_announcement_audio_scheduler_v1.sql,0381,no,y,y,y,y,y,
0382_enterprise_billing_invoices_v1.sql,0382,no,y,y,y,y,,
0383_enterprise_contracts_v1.sql,0383,no,y,y,y,y,y,
0384_emergency_broadcast_v1.sql,0384,no,y,y,y,y,,
0385_enterprise_noc_v1.sql,0385,no,y,y,y,y,,
0386_announcement_due_window_extend.sql,0386,no,,y,,,,
0387_announcement_url_freshness_and_perf.sql,0387,no,,y,,,,
0388_announcement_exact_time_trigger_v2.sql,0388,no,,y,,,,
0388_artist_settlement_visibility_lockdown.sql,0388,no,,y,y,,,
0389_announcement_occurrence_dedup.sql,0389,no,,y,,,,
0390_enterprise_settlement_contract_integration.sql,0390,no,,y,,,,
0391_cron_automation_unblock.sql,0391,no,,y,,,,
0392_admin_notifications_dispatch_idempotency.sql,0392,no,,,,,,
0393_noc_alert_sync.sql,0393,no,,y,,,,
0394_enterprise_contracts_bucket_private.sql,0394,no,,,y,,y,
0395_enterprise_operations_center.sql,0395,no,,y,,,,
0396_enterprise_ops_export_logs_rpc.sql,0396,no,,y,,,,
0397_enterprise_billing_pdf_email_v1.sql,0397,no,y,y,y,,y,
0398_enterprise_brand_registry_v1.sql,0398,no,y,y,,y,,
0399_enterprise_settlement_minimum_payout_gate.sql,0399,no,,y,,,,
0400_enterprise_settlement_carryover_engine.sql,0400,no,,y,,,,
0401_enterprise_hq_ops_center.sql,0401,no,,y,,,,
0402_enterprise_hq_intel_center.sql,0402,no,,y,,,,
0403_enterprise_hq_notification_center.sql,0403,no,y,y,y,y,,
0404_hotfix_playback_guardrail_enforcement.sql,0404,no,,y,,,,
0405_brand_player_mvp.sql,0405,no,y,y,y,y,y,
0406_admin_enterprise_detail.sql,0406,no,,y,,,,
0407_brand_enterprise_link.sql,0407,no,,y,,,,
0412_streaming_v2_foundation.sql,0412,no,y,y,y,,,
0413_streaming_v2_operation.sql,0413,no,,y,,,,
0420_settlement_v2_shadow.sql,0420,no,y,y,y,,,
0452_brand_signage_settings.sql,0452,no,y,y,y,,,
0453_brand_media_video_support.sql,0453,no,,y,,,y,
0454_settlement_logic2_schema_and_compute.sql,0454,no,,y,,,,
0455_settlement_logic2_rpcs.sql,0455,no,,y,,,,
0456_admin_settlement_display_fields.sql,0456,no,,y,,,,
